"hyp","evalue","BHcrit","rejected","outcome","var"
"MotivationXDepressed (adolescent)",8.04531375274746e+39,TRUE,TRUE,"Depressed (adolescent)","Motivation"
"MotivationXLow self-esteem (adolescent)",3.05723571646959e+29,TRUE,TRUE,"Low self-esteem (adolescent)","Motivation"
"MaleXDepressed (adolescent)",1101069543898946,TRUE,TRUE,"Depressed (adolescent)","Male"
"DistressXHigh emotional problems (parent)",7287067.69834463,TRUE,TRUE,"High emotional problems (parent)","Distress"
"MaleXLow self-esteem (adolescent)",2079928.4732204,TRUE,TRUE,"Low self-esteem (adolescent)","Male"
"ClosenessXDepressed (adolescent)",1577570.03275799,TRUE,TRUE,"Depressed (adolescent)","Closeness"
"ClosenessXHigh conduct problems (parent)",3614.94073626369,TRUE,TRUE,"High conduct problems (parent)","Closeness"
"DistressXHigh peer problems (parent)",3330.73046266139,TRUE,TRUE,"High peer problems (parent)","Distress"
"ClosenessXLow self-esteem (adolescent)",1148.84195215225,TRUE,TRUE,"Low self-esteem (adolescent)","Closeness"
"DistressXHigh total difficulties (parent)",796.05597338525,TRUE,TRUE,"High total difficulties (parent)","Distress"
"MaleXHigh hyperactivity/inattention (parent)",118.828935025861,FALSE,FALSE,"High hyperactivity/inattention (parent)","Male"
"IllnessXHigh total difficulties (parent)",85.2099192971324,FALSE,FALSE,"High total difficulties (parent)","Illness"
"IllnessXHigh emotional problems (parent)",0.0935654747545795,FALSE,FALSE,"High emotional problems (parent)","Illness"
"MotivationXHigh hyperactivity/inattention (parent)",0.0165721046870576,FALSE,FALSE,"High hyperactivity/inattention (parent)","Motivation"
"MotivationXHigh total difficulties (parent)",0.0165221995852072,FALSE,FALSE,"High total difficulties (parent)","Motivation"
"IllnessXHigh peer problems (parent)",0.00907036076773349,FALSE,FALSE,"High peer problems (parent)","Illness"
"IllnessXHigh hyperactivity/inattention (parent)",0.00480707295854601,FALSE,FALSE,"High hyperactivity/inattention (parent)","Illness"
"ScoreXHigh peer problems (parent)",0.00437722602086187,FALSE,FALSE,"High peer problems (parent)","Score"
"DistressXHigh hyperactivity/inattention (parent)",0.000101599780095412,FALSE,FALSE,"High hyperactivity/inattention (parent)","Distress"
"MotivationXHigh peer problems (parent)",3.97445440585851e-05,FALSE,FALSE,"High peer problems (parent)","Motivation"
"BMIXHigh peer problems (parent)",3.62257442067029e-05,FALSE,FALSE,"High peer problems (parent)","BMI"
"ClosenessXHigh hyperactivity/inattention (parent)",1.64648448745763e-05,FALSE,FALSE,"High hyperactivity/inattention (parent)","Closeness"
"MaleXHigh emotional problems (parent)",7.60358586792308e-06,FALSE,FALSE,"High emotional problems (parent)","Male"
"ClosenessXHigh peer problems (parent)",1.92653353486938e-06,FALSE,FALSE,"High peer problems (parent)","Closeness"
"IncomeXHigh peer problems (parent)",1.90468773601114e-06,FALSE,FALSE,"High peer problems (parent)","Income"
"`Electronic games`XHigh peer problems (parent)",1.00002376393947e-06,FALSE,FALSE,"High peer problems (parent)","`Electronic games`"
"SiblingsXHigh peer problems (parent)",9.83555747979188e-07,FALSE,FALSE,"High peer problems (parent)","Siblings"
"`Social media`XHigh peer problems (parent)",7.74185382044576e-07,FALSE,FALSE,"High peer problems (parent)","`Social media`"
"`Other internet`XHigh peer problems (parent)",5.58588370376304e-07,FALSE,FALSE,"High peer problems (parent)","`Other internet`"
"ClosenessXHigh total difficulties (parent)",3.09431990652056e-07,FALSE,FALSE,"High total difficulties (parent)","Closeness"
"TimeXHigh peer problems (parent)",1.97337534504331e-07,FALSE,FALSE,"High peer problems (parent)","Time"
"BMIXLow self-esteem (adolescent)",1.23897724752441e-07,FALSE,FALSE,"Low self-esteem (adolescent)","BMI"
"TVXHigh peer problems (parent)",9.11516952648398e-08,FALSE,FALSE,"High peer problems (parent)","TV"
"EmployedXHigh peer problems (parent)",8.07296210215571e-08,FALSE,FALSE,"High peer problems (parent)","Employed"
"AgeXHigh peer problems (parent)",1.81516403247189e-08,FALSE,FALSE,"High peer problems (parent)","Age"
"EthnicityXHigh peer problems (parent)",1.49162022078073e-08,FALSE,FALSE,"High peer problems (parent)","Ethnicity"
"`Own computer`XHigh peer problems (parent)",1.42763382675479e-08,FALSE,FALSE,"High peer problems (parent)","`Own computer`"
"FatherXHigh peer problems (parent)",1.02271386202537e-08,FALSE,FALSE,"High peer problems (parent)","Father"
"MaleXHigh peer problems (parent)",9.97225066276689e-09,FALSE,FALSE,"High peer problems (parent)","Male"
"ClosenessXLow pro-sociality (parent)",5.81111443121516e-09,FALSE,FALSE,"Low pro-sociality (parent)","Closeness"
"`Other internet`XLow self-esteem (adolescent)",7.15692012215839e-10,FALSE,FALSE,"Low self-esteem (adolescent)","`Other internet`"
"IllnessXLow self-esteem (adolescent)",4.36738684612175e-10,FALSE,FALSE,"Low self-esteem (adolescent)","Illness"
"`Social media`XLow self-esteem (adolescent)",8.47931534648033e-11,FALSE,FALSE,"Low self-esteem (adolescent)","`Social media`"
"MotivationXHigh emotional problems (parent)",6.33757630772058e-11,FALSE,FALSE,"High emotional problems (parent)","Motivation"
"IllnessXDepressed (adolescent)",5.15955579704968e-11,FALSE,FALSE,"Depressed (adolescent)","Illness"
"`Other internet`XDepressed (adolescent)",4.18315509209678e-11,FALSE,FALSE,"Depressed (adolescent)","`Other internet`"
"`Social media`XDepressed (adolescent)",2.98785521607684e-11,FALSE,FALSE,"Depressed (adolescent)","`Social media`"
"ClosenessXHigh emotional problems (parent)",1.94675600194108e-11,FALSE,FALSE,"High emotional problems (parent)","Closeness"
"BMIXDepressed (adolescent)",1.56595299051122e-11,FALSE,FALSE,"Depressed (adolescent)","BMI"
"TimeXHigh hyperactivity/inattention (parent)",1.21070312185448e-11,FALSE,FALSE,"High hyperactivity/inattention (parent)","Time"
"EthnicityXHigh hyperactivity/inattention (parent)",1.08253331003373e-11,FALSE,FALSE,"High hyperactivity/inattention (parent)","Ethnicity"
"ScoreXHigh hyperactivity/inattention (parent)",9.20650548393415e-12,FALSE,FALSE,"High hyperactivity/inattention (parent)","Score"
"IncomeXHigh hyperactivity/inattention (parent)",5.11288314491089e-12,FALSE,FALSE,"High hyperactivity/inattention (parent)","Income"
"FatherXHigh hyperactivity/inattention (parent)",3.63305394289507e-12,FALSE,FALSE,"High hyperactivity/inattention (parent)","Father"
"ScoreXHigh emotional problems (parent)",3.44610543812199e-12,FALSE,FALSE,"High emotional problems (parent)","Score"
"BMIXHigh total difficulties (parent)",3.26245926930807e-12,FALSE,FALSE,"High total difficulties (parent)","BMI"
"ScoreXHigh total difficulties (parent)",2.09508434805251e-12,FALSE,FALSE,"High total difficulties (parent)","Score"
"IncomeXHigh total difficulties (parent)",1.49402837742182e-12,FALSE,FALSE,"High total difficulties (parent)","Income"
"`Electronic games`XHigh hyperactivity/inattention (parent)",1.44939901713042e-12,FALSE,FALSE,"High hyperactivity/inattention (parent)","`Electronic games`"
"BMIXHigh hyperactivity/inattention (parent)",1.22667617038773e-12,FALSE,FALSE,"High hyperactivity/inattention (parent)","BMI"
"EmployedXHigh hyperactivity/inattention (parent)",1.14625042694693e-12,FALSE,FALSE,"High hyperactivity/inattention (parent)","Employed"
"`Other internet`XHigh hyperactivity/inattention (parent)",8.17967188256138e-13,FALSE,FALSE,"High hyperactivity/inattention (parent)","`Other internet`"
"DistressXDepressed (adolescent)",7.04462340068273e-13,FALSE,FALSE,"Depressed (adolescent)","Distress"
"AgeXHigh hyperactivity/inattention (parent)",7.03520045613609e-13,FALSE,FALSE,"High hyperactivity/inattention (parent)","Age"
"SiblingsXHigh hyperactivity/inattention (parent)",5.89612287013017e-13,FALSE,FALSE,"High hyperactivity/inattention (parent)","Siblings"
"TVXHigh hyperactivity/inattention (parent)",5.58352674434005e-13,FALSE,FALSE,"High hyperactivity/inattention (parent)","TV"
"SiblingsXDepressed (adolescent)",5.42697766640696e-13,FALSE,FALSE,"Depressed (adolescent)","Siblings"
"ScoreXDepressed (adolescent)",5.14009699321435e-13,FALSE,FALSE,"Depressed (adolescent)","Score"
"`Own computer`XHigh hyperactivity/inattention (parent)",5.12112491238768e-13,FALSE,FALSE,"High hyperactivity/inattention (parent)","`Own computer`"
"`Social media`XHigh hyperactivity/inattention (parent)",4.83702604750441e-13,FALSE,FALSE,"High hyperactivity/inattention (parent)","`Social media`"
"`Electronic games`XDepressed (adolescent)",4.38179423482351e-13,FALSE,FALSE,"Depressed (adolescent)","`Electronic games`"
"EthnicityXDepressed (adolescent)",3.64343890975874e-13,FALSE,FALSE,"Depressed (adolescent)","Ethnicity"
"TimeXLow self-esteem (adolescent)",2.98876024322598e-13,FALSE,FALSE,"Low self-esteem (adolescent)","Time"
"FatherXDepressed (adolescent)",2.37795873085502e-13,FALSE,FALSE,"Depressed (adolescent)","Father"
"FatherXHigh emotional problems (parent)",2.32160364599942e-13,FALSE,FALSE,"High emotional problems (parent)","Father"
"`Own computer`XDepressed (adolescent)",2.0215433497158e-13,FALSE,FALSE,"Depressed (adolescent)","`Own computer`"
"TimeXDepressed (adolescent)",1.86419861175693e-13,FALSE,FALSE,"Depressed (adolescent)","Time"
"AgeXDepressed (adolescent)",1.828980400751e-13,FALSE,FALSE,"Depressed (adolescent)","Age"
"TVXLow self-esteem (adolescent)",1.64238151690594e-13,FALSE,FALSE,"Low self-esteem (adolescent)","TV"
"EmployedXDepressed (adolescent)",1.59760625092373e-13,FALSE,FALSE,"Depressed (adolescent)","Employed"
"TVXDepressed (adolescent)",1.38546131328866e-13,FALSE,FALSE,"Depressed (adolescent)","TV"
"IncomeXDepressed (adolescent)",1.3224665633192e-13,FALSE,FALSE,"Depressed (adolescent)","Income"
"`Social media`XHigh emotional problems (parent)",1.13823423017237e-13,FALSE,FALSE,"High emotional problems (parent)","`Social media`"
"`Own computer`XLow self-esteem (adolescent)",1.13681469313288e-13,FALSE,FALSE,"Low self-esteem (adolescent)","`Own computer`"
"ScoreXLow self-esteem (adolescent)",1.11185243218984e-13,FALSE,FALSE,"Low self-esteem (adolescent)","Score"
"`Electronic games`XLow self-esteem (adolescent)",1.0388170907125e-13,FALSE,FALSE,"Low self-esteem (adolescent)","`Electronic games`"
"SiblingsXHigh emotional problems (parent)",9.06072636486523e-14,FALSE,FALSE,"High emotional problems (parent)","Siblings"
"BMIXHigh emotional problems (parent)",8.88054734244299e-14,FALSE,FALSE,"High emotional problems (parent)","BMI"
"`Electronic games`XHigh emotional problems (parent)",8.36934216803222e-14,FALSE,FALSE,"High emotional problems (parent)","`Electronic games`"
"FatherXLow self-esteem (adolescent)",8.23639535061659e-14,FALSE,FALSE,"Low self-esteem (adolescent)","Father"
"EmployedXLow self-esteem (adolescent)",7.81060736577638e-14,FALSE,FALSE,"Low self-esteem (adolescent)","Employed"
"IncomeXLow self-esteem (adolescent)",7.75488506969997e-14,FALSE,FALSE,"Low self-esteem (adolescent)","Income"
"EthnicityXLow self-esteem (adolescent)",7.53376149011045e-14,FALSE,FALSE,"Low self-esteem (adolescent)","Ethnicity"
"TimeXHigh emotional problems (parent)",7.00509947126913e-14,FALSE,FALSE,"High emotional problems (parent)","Time"
"SiblingsXLow self-esteem (adolescent)",6.84863435409821e-14,FALSE,FALSE,"Low self-esteem (adolescent)","Siblings"
"DistressXLow self-esteem (adolescent)",6.78671055552932e-14,FALSE,FALSE,"Low self-esteem (adolescent)","Distress"
"AgeXLow self-esteem (adolescent)",6.76699994940013e-14,FALSE,FALSE,"Low self-esteem (adolescent)","Age"
"IncomeXHigh emotional problems (parent)",6.69002705120299e-14,FALSE,FALSE,"High emotional problems (parent)","Income"
"EmployedXHigh emotional problems (parent)",4.5681736570823e-14,FALSE,FALSE,"High emotional problems (parent)","Employed"
"AgeXHigh emotional problems (parent)",3.95465128218022e-14,FALSE,FALSE,"High emotional problems (parent)","Age"
"`Other internet`XHigh emotional problems (parent)",3.88582238513445e-14,FALSE,FALSE,"High emotional problems (parent)","`Other internet`"
"EthnicityXHigh emotional problems (parent)",3.04589938095299e-14,FALSE,FALSE,"High emotional problems (parent)","Ethnicity"
"`Own computer`XHigh emotional problems (parent)",2.98408648678059e-14,FALSE,FALSE,"High emotional problems (parent)","`Own computer`"
"DistressXHigh conduct problems (parent)",2.9333161580212e-14,FALSE,FALSE,"High conduct problems (parent)","Distress"
"TVXHigh emotional problems (parent)",2.82154498599432e-14,FALSE,FALSE,"High emotional problems (parent)","TV"
"`Social media`XHigh total difficulties (parent)",1.17365630826313e-14,FALSE,FALSE,"High total difficulties (parent)","`Social media`"
"TimeXHigh total difficulties (parent)",2.19612880259341e-15,FALSE,FALSE,"High total difficulties (parent)","Time"
"TVXHigh total difficulties (parent)",2.11955087979799e-15,FALSE,FALSE,"High total difficulties (parent)","TV"
"`Electronic games`XHigh total difficulties (parent)",1.83787484059439e-15,FALSE,FALSE,"High total difficulties (parent)","`Electronic games`"
"SiblingsXLow pro-sociality (parent)",1.27595998217625e-15,FALSE,FALSE,"Low pro-sociality (parent)","Siblings"
"MaleXHigh total difficulties (parent)",7.82594050587598e-16,FALSE,FALSE,"High total difficulties (parent)","Male"
"EmployedXHigh total difficulties (parent)",7.01652892067651e-16,FALSE,FALSE,"High total difficulties (parent)","Employed"
"MotivationXLow pro-sociality (parent)",6.73164333839921e-16,FALSE,FALSE,"Low pro-sociality (parent)","Motivation"
"ScoreXHigh conduct problems (parent)",6.68375860979042e-16,FALSE,FALSE,"High conduct problems (parent)","Score"
"DistressXLow pro-sociality (parent)",6.11226903817958e-16,FALSE,FALSE,"Low pro-sociality (parent)","Distress"
"`Other internet`XHigh total difficulties (parent)",5.74881166418201e-16,FALSE,FALSE,"High total difficulties (parent)","`Other internet`"
"EthnicityXHigh total difficulties (parent)",5.25408021266014e-16,FALSE,FALSE,"High total difficulties (parent)","Ethnicity"
"`Own computer`XHigh total difficulties (parent)",5.2024840659419e-16,FALSE,FALSE,"High total difficulties (parent)","`Own computer`"
"AgeXHigh total difficulties (parent)",4.29556421068457e-16,FALSE,FALSE,"High total difficulties (parent)","Age"
"`Electronic games`XLow pro-sociality (parent)",3.95113316867207e-16,FALSE,FALSE,"Low pro-sociality (parent)","`Electronic games`"
"FatherXHigh total difficulties (parent)",3.89913114943124e-16,FALSE,FALSE,"High total difficulties (parent)","Father"
"SiblingsXHigh total difficulties (parent)",3.73010206926137e-16,FALSE,FALSE,"High total difficulties (parent)","Siblings"
"IllnessXHigh conduct problems (parent)",2.1515412501452e-16,FALSE,FALSE,"High conduct problems (parent)","Illness"
"MaleXLow pro-sociality (parent)",1.24066914625805e-16,FALSE,FALSE,"Low pro-sociality (parent)","Male"
"TVXLow pro-sociality (parent)",6.55099475828498e-17,FALSE,FALSE,"Low pro-sociality (parent)","TV"
"`Social media`XLow pro-sociality (parent)",2.65021353545893e-17,FALSE,FALSE,"Low pro-sociality (parent)","`Social media`"
"IllnessXLow pro-sociality (parent)",2.63285961734329e-17,FALSE,FALSE,"Low pro-sociality (parent)","Illness"
"FatherXLow pro-sociality (parent)",1.50593866825661e-17,FALSE,FALSE,"Low pro-sociality (parent)","Father"
"ScoreXLow pro-sociality (parent)",1.23033256151978e-17,FALSE,FALSE,"Low pro-sociality (parent)","Score"
"EmployedXLow pro-sociality (parent)",1.14727403983924e-17,FALSE,FALSE,"Low pro-sociality (parent)","Employed"
"BMIXLow pro-sociality (parent)",9.33758366327559e-18,FALSE,FALSE,"Low pro-sociality (parent)","BMI"
"IncomeXLow pro-sociality (parent)",8.81716002964835e-18,FALSE,FALSE,"Low pro-sociality (parent)","Income"
"TimeXLow pro-sociality (parent)",8.41611630018898e-18,FALSE,FALSE,"Low pro-sociality (parent)","Time"
"EthnicityXLow pro-sociality (parent)",7.92812763885381e-18,FALSE,FALSE,"Low pro-sociality (parent)","Ethnicity"
"`Own computer`XLow pro-sociality (parent)",7.05624120806604e-18,FALSE,FALSE,"Low pro-sociality (parent)","`Own computer`"
"`Other internet`XLow pro-sociality (parent)",6.70390930459952e-18,FALSE,FALSE,"Low pro-sociality (parent)","`Other internet`"
"AgeXLow pro-sociality (parent)",6.66065180227247e-18,FALSE,FALSE,"Low pro-sociality (parent)","Age"
"MaleXHigh conduct problems (parent)",5.70690834344068e-19,FALSE,FALSE,"High conduct problems (parent)","Male"
"MotivationXHigh conduct problems (parent)",2.60865980151268e-19,FALSE,FALSE,"High conduct problems (parent)","Motivation"
"BMIXHigh conduct problems (parent)",1.35349938713825e-20,FALSE,FALSE,"High conduct problems (parent)","BMI"
"AgeXHigh conduct problems (parent)",8.19832061282414e-21,FALSE,FALSE,"High conduct problems (parent)","Age"
"TimeXHigh conduct problems (parent)",3.04894677802031e-21,FALSE,FALSE,"High conduct problems (parent)","Time"
"IncomeXHigh conduct problems (parent)",2.0762789615165e-21,FALSE,FALSE,"High conduct problems (parent)","Income"
"`Own computer`XHigh conduct problems (parent)",2.43161842136523e-22,FALSE,FALSE,"High conduct problems (parent)","`Own computer`"
"FatherXHigh conduct problems (parent)",1.14323872234315e-22,FALSE,FALSE,"High conduct problems (parent)","Father"
"`Electronic games`XHigh conduct problems (parent)",1.11281099109321e-22,FALSE,FALSE,"High conduct problems (parent)","`Electronic games`"
"`Other internet`XHigh conduct problems (parent)",9.80835562141023e-23,FALSE,FALSE,"High conduct problems (parent)","`Other internet`"
"EthnicityXHigh conduct problems (parent)",9.34955454602696e-23,FALSE,FALSE,"High conduct problems (parent)","Ethnicity"
"SiblingsXHigh conduct problems (parent)",8.81215353978628e-23,FALSE,FALSE,"High conduct problems (parent)","Siblings"
"TVXHigh conduct problems (parent)",7.43941830535235e-23,FALSE,FALSE,"High conduct problems (parent)","TV"
"EmployedXHigh conduct problems (parent)",5.76605875323927e-23,FALSE,FALSE,"High conduct problems (parent)","Employed"
"`Social media`XHigh conduct problems (parent)",5.07917808041892e-23,FALSE,FALSE,"High conduct problems (parent)","`Social media`"
